"Matrix Size","NVIDIA GeForce RTX 4060 Laptop GPU","AMD Ryzen 7 7840HS"
10000,0.751794,0.0035318
250000,1.88817,0.371894
1000000,0.784051,3.20944
2250000,1.92699,17.8583
4000000,0.893732,30.9918
6250000,2.09345,86.5629
9000000,2.22743,121.987
